{
  "feature_means": {
    "map_mmhg": 57.1694453895883,
    "lactate_mmol_l": 2.7740894181694458,
    "creatinine_mg_dl": 1.6661401837359648,
    "age_years": 63.48071248724056,
    "gcs": 3.2494045593739367,
    "vasopressor_dose": 18.014624847964438,
    "charlson_index": 13.490555290915296,
    "hours_since_admission": 24.0,
    "sbp_min": 87.02115889758421,
    "dbp_min": 45.143989792446405,
    "hr_max": 106.4003654304185,
    "resprate_max": 29.17720789384144,
    "spo2_min": 91.48145627764546,
    "hemoglobin_min": 9.62273909493025,
    "sodium_min": 135.972716570262,
    "urine_output_min": 62.35992310309629,
    "mechanical_ventilation_std": 0.7053419530452535,
    "vasopressor_use_std": 0.43926505614154476,
    "age_band": 3.7301803334467505,
    "gender_std": 0.3851650221163661
  },
  "feature_stds": {
    "map_mmhg": 12.352148616028506,
    "lactate_mmol_l": 2.322917392455988,
    "creatinine_mg_dl": 1.68573891446214,
    "age_years": 15.590653168261271,
    "gcs": 0.4326683777876876,
    "vasopressor_dose": 66.90132298637529,
    "charlson_index": 27.61273088846299,
    "hours_since_admission": 0.0,
    "sbp_min": 15.721320672792281,
    "dbp_min": 10.750959460378954,
    "hr_max": 20.621686857936755,
    "resprate_max": 7.00920328210511,
    "spo2_min": 6.276864397496296,
    "hemoglobin_min": 2.1146074306490985,
    "sodium_min": 5.176075455112073,
    "urine_output_min": 101.99576611217414,
    "mechanical_ventilation_std": 0.4558888925161052,
    "vasopressor_use_std": 0.49629755852160945,
    "age_band": 1.3556220445752714,
    "gender_std": 0.48663428553120397
  },
  "zscore": true
}