{
  "feature_means": {
    "map_mmhg": 57.1694453895883,
    "lactate_mmol_l": 2.7740894181694458,
    "creatinine_mg_dl": 1.6661401837359648,
    "age_years": 63.48071248724056,
    "gcs": 3.2494045593739367,
    "vasopressor_dose": 18.014624847964438,
    "charlson_index": 13.490555290915296,
    "hours_since_admission": 24.0,
    "sbp_min": 87.02115889758421,
    "dbp_min": 45.143989792446405,
    "hr_max": 106.4003654304185,
    "resprate_max": 29.17720789384144,
    "spo2_min": 91.48145627764546,
    "hemoglobin_min": 9.62273909493025,
    "sodium_min": 135.972716570262,
    "urine_output_min": 62.35992310309629,
    "mechanical_ventilation_std": 0.7053419530452535,
    "vasopressor_use_std": 0.43926505614154476,
    "age_band": 3.7301803334467505,
    "gender_std": 0.3851650221163661
  },
  "feature_stds": {
    "map_mmhg": 12.352148616028483,
    "lactate_mmol_l": 2.32291739245598,
    "creatinine_mg_dl": 1.6857389144621435,
    "age_years": 15.590653168261284,
    "gcs": 0.4326683777876848,
    "vasopressor_dose": 66.90132298637542,
    "charlson_index": 27.61273088846306,
    "hours_since_admission": 0.0,
    "sbp_min": 15.72132067279229,
    "dbp_min": 10.750959460378935,
    "hr_max": 20.621686857936755,
    "resprate_max": 7.009203282105095,
    "spo2_min": 6.27686439749627,
    "hemoglobin_min": 2.1146074306490985,
    "sodium_min": 5.176075455112069,
    "urine_output_min": 101.99576611217357,
    "mechanical_ventilation_std": 0.4558888925160967,
    "vasopressor_use_std": 0.49629755852160556,
    "age_band": 1.355622044575279,
    "gender_std": 0.48663428553119903
  },
  "zscore": true
}