dataset,method,experiment,MAE_median,MAE_IQR,MAE_mean,MAE_std,MAE_n,R2_median,R2_IQR,R2_mean,R2_std,R2_n,RMSE_median,RMSE_IQR,RMSE_mean,RMSE_std,RMSE_n
ICU_composite_risk_score,lgo,base,0.7158510165,0.06532397374999999,0.7245230449,0.09368240879612716,10,0.7804836485,0.041152099750000115,0.7660568168,0.06014810381445943,10,0.879189676,0.054869915249999957,0.8890027287000001,0.1008532563516372,10
ICU_composite_risk_score,lgo,lgo_hard,0.579098162,0.17613000950000002,0.6083216502,0.1678457857081588,10,0.8402661435000001,0.07563184450000004,0.8236110464999999,0.09284638941349119,10,0.726187659,0.20367049949999994,0.7548643763,0.1909108091415837,10
ICU_composite_risk_score,lgo,lgo_soft,1.0607125444999999,0.4894333584999999,1.1301246682000001,0.5044099894548901,10,0.547787631,0.44337266425000005,0.37560124679999995,0.6016478839848779,10,1.2465791375,0.6109730737499999,1.3543374196,0.5978504028052593,10
ICU_composite_risk_score,operon,base,0.4075916725,0.04533538074999999,0.41633628580000004,0.0367942311576599,10,0.912558374,0.01321692725000001,0.9120141146,0.01352218676186027,10,0.5363782205000001,0.04822839900000009,0.5474857159,0.039681971549285246,10
ICU_composite_risk_score,pstree,base,1.0670725554999998,0.014868546500000024,1.0423065117,0.0668318067997878,10,0.4998852935,0.06910191225000001,0.5037777708,0.0641937244298591,10,1.3266102815,0.03196093024999991,1.3006990623,0.07828844779417694,10
ICU_composite_risk_score,pysr,base,0.518614209,0.03510072274999998,0.5143756412999999,0.039044181191594,10,0.87593137,0.018305485000000066,0.8742589216999999,0.0175455417151284,10,0.6604525155000001,0.053027869250000026,0.6552384427000001,0.049071391893208145,10
ICU_composite_risk_score,rils_rols,base,0.27539816500000003,0.053245874,0.27566860930000003,0.03448407097328216,10,0.9567910045,0.018713249500000084,0.9527306228000001,0.014840837961778132,10,0.3865470385,0.07219745275,0.3979444614,0.057835190601696916,10
