dataset,method,experiment,gate_type,feature,unit,mu,sigma,count,b_z_median,b_z_q1,b_z_q3,b_raw_median,b_raw_q1,b_raw_q3,n_dynamic
ICU_composite_risk_score,lgo,lgo_hard,lgo_thre,creatinine_mg_dl,,1.6661401837359648,1.68573891446214,44,0.023258624217091038,-0.07745246330312293,1.8918604053515857,1.7053481516755666,1.5355755523249397,4.855322889767251,11
ICU_composite_risk_score,lgo,lgo_hard,lgo_thre,lactate_mmol_l,,2.7740894181694458,2.322917392455988,52,0.8367082514861408,-0.23496913916393428,1.0914872729279728,4.71769356795804,2.2282755181151312,5.309524188098189,26
ICU_composite_risk_score,lgo,lgo_hard,lgo_thre,map_mmhg,,57.1694453895883,12.352148616028506,11,1.0344808337253344,0.9640217292273301,1.0367318424336938,69.9475063881967,69.07718505808506,69.97531118229833,1
ICU_composite_risk_score,lgo,lgo_hard,lgo_thre,one,,,,3,1.3108363393839417,1.3108363393839417,1.3108363393839417,,,,1
ICU_composite_risk_score,lgo,lgo_hard,lgo_thre,unknown,,,,39,0.595327694232311,-0.14254955316399637,1.1577837416084327,,,,15
ICU_composite_risk_score,lgo,lgo_hard,lgo_thre,vasopressor_use_std,,0.43926505614154476,0.49629755852160945,22,0.3073876359416753,0.3073876359416753,0.3073876359416753,0.5918207893791275,0.5918207893791275,0.5918207893791275,12
ICU_composite_risk_score,lgo,lgo_hard,lgo_thre,zero,,,,34,-1.0327658223953549,-1.1735695945537472,-1.0117455924614225,,,,12
