{
  "PS1_mean": {
    "values": [
      161.000735
    ]
  },
  "PS1_q50": {
    "values": [
      156.305
    ]
  },
  "PS3_mean": {
    "values": [
      1.9320466666666665
    ]
  },
  "PS3_peak": {
    "values": [
      9.1787845
    ]
  },
  "PS3_max": {
    "values": [
      10.812
    ]
  },
  "PS4_mean": {
    "values": [
      3.5032660000000004
    ]
  },
  "PS4_max": {
    "values": [
      8.788
    ]
  },
  "PS5_mean": {
    "values": [
      9.844351333333334
    ]
  },
  "EPS1_mean": {
    "values": [
      2548.211466666666
    ]
  },
  "EPS1_q50": {
    "values": [
      2485.8
    ]
  },
  "EPS1_q75": {
    "values": [
      2621.6
    ]
  },
  "FS2_mean": {
    "values": [
      10.155008333333331
    ]
  },
  "VS1_mean": {
    "values": [
      0.64985
    ]
  },
  "VS1_max": {
    "values": [
      0.785
    ]
  },
  "CE_mean": {
    "values": [
      46.67738333333333
    ]
  },
  "CP_mean": {
    "values": [
      2.148483333333333
    ]
  },
  "SE_mean": {
    "values": [
      59.6569
    ]
  }
}