dataset,method,experiment,MAE_median,MAE_IQR,MAE_mean,MAE_std,MAE_n,R2_median,R2_IQR,R2_mean,R2_std,R2_n,RMSE_median,RMSE_IQR,RMSE_mean,RMSE_std,RMSE_n
UCI_HydraulicSys_fault_score,lgo,base,0.08587928606213241,0.009825725207320835,0.08530241879535516,0.008914481849541618,10,0.6036413875278384,0.10871496161418526,0.6092871315809371,0.07926724832283423,10,0.10853901476907646,0.01114309995591549,0.10655850483855463,0.010345418764438594,10
UCI_HydraulicSys_fault_score,lgo,lgo_hard,0.11007423764995565,0.05239119194006543,0.12099616160426599,0.07460214526130711,10,0.36302399787149897,0.5137482102968579,0.12166392836413538,0.9358513217167709,10,0.1364105115701,0.05531013976268968,0.14377856354323285,0.07646839812865917,10
UCI_HydraulicSys_fault_score,lgo,lgo_soft,0.09046231501208665,0.029285267975997398,0.10436494728629202,0.034502280490108485,10,0.5221629603202019,0.2617394838455408,0.2938906338453074,0.5809920264312932,10,0.11709161075870934,0.030546498324230398,0.13592331293328777,0.05135814885143367,10
UCI_HydraulicSys_fault_score,operon,base,0.0556732386980089,0.0193164909195518,0.12745800111054062,0.1533309431710903,10,0.7911966464573554,0.10776839306573893,-0.5239545478383076,2.8375635349549655,10,0.0767003297423019,0.02178810899628933,0.14768992985393375,0.16069040470800947,10
UCI_HydraulicSys_fault_score,pstree,base,0.0931433817414231,0.018543642893160336,0.0941352115085403,0.01930552217555591,10,0.5191761170875109,0.09575894920158456,0.48664630936880443,0.18246521279936917,10,0.1185384502940673,0.01577027484213983,0.12126877898421969,0.021598829056914088,10
UCI_HydraulicSys_fault_score,pysr,base,0.07641884652713235,0.02448820144390676,0.07100014826757708,0.014494190405716713,10,0.6758742215528364,0.18037948867554499,0.7110853084109826,0.10141913920716128,10,0.09804248849416394,0.028530997704773173,0.0905913401308256,0.016329925366599933,10
UCI_HydraulicSys_fault_score,rils_rols,base,0.0284744147438424,0.002600047656112398,0.027690860621664325,0.0018638621651377704,10,0.9487627318260787,0.009302297885368738,0.9454829194865273,0.011952588951523594,10,0.0388148785464277,0.004238145816226349,0.039820151264320966,0.004524769595941273,10
