{
  "feature_means": {
    "age": 54.37032343234323,
    "sex": 0.6831683168316832,
    "cp": 3.155115511551155,
    "trestbps": 131.61578877887789,
    "chol": 246.12249504950498,
    "fbs": 0.1485148514851485,
    "restecg": 0.9834983498349835,
    "thalach": 149.6568316831683,
    "exang": 0.32673267326732675,
    "oldpeak": 1.0390059405940595,
    "slope": 1.6006600660066006,
    "ca": 0.6633663366336634,
    "thal": 4.7227722772277225
  },
  "feature_stds": {
    "age": 9.05108823249565,
    "sex": 0.46524119304834577,
    "cp": 0.9573574241014503,
    "trestbps": 17.4785613823046,
    "chol": 50.88956453193508,
    "fbs": 0.3556096038825341,
    "restecg": 0.9932403412114402,
    "thalach": 22.795193482595476,
    "exang": 0.46901858543869346,
    "oldpeak": 1.1565388075192478,
    "slope": 0.6152084301256652,
    "ca": 0.9328323142577896,
    "thal": 1.9351813785648928
  },
  "zscore": true
}