{
  "feature_means": {
    "PS1_mean": 160.4852299204656,
    "PS1_std": 15.29448420189413,
    "PS1_q50": 157.6157001723356,
    "PS1_iqr": 17.556397333333337,
    "PS2_iqr": 14.273611537414965,
    "PS2_max_diff": 54.441581552834464,
    "PS3_mean": 1.7532315116190476,
    "PS3_std": 0.8992474721534617,
    "PS3_kurt": 11.956733788872606,
    "PS3_skew": 0.4815675707826265,
    "PS3_peak": 8.653068582089796,
    "PS3_max": 10.40604053877551,
    "PS4_mean": 2.6002646428743765,
    "PS4_std": 0.11028462366156998,
    "PS4_kurt": 89.72523843494511,
    "PS4_skew": 2.1373272973706388,
    "PS4_max": 3.1724444444444444,
    "PS5_mean": 9.163320950368858,
    "PS5_std": 0.022224425171497246,
    "PS6_std": 0.022423910872431205,
    "EPS1_mean": 2495.5046533305517,
    "EPS1_q50": 2457.901621768707,
    "EPS1_q75": 2580.195406258503,
    "FS1_std": 3.0375589265229457,
    "FS1_max_diff": 16.860667590022672,
    "FS2_mean": 9.649386465034015,
    "FS2_std": 0.017114671970154323,
    "TS1_std": 0.19130238559346233,
    "TS2_std": 0.11330722169325719,
    "TS3_std": 0.07196645377182098,
    "TS4_std": 0.04259695474460732,
    "VS1_mean": 0.6132904447467876,
    "VS1_std": 0.04255715357776505,
    "VS1_kurt": 0.4125072870425402,
    "VS1_skew": 0.7805508568276016,
    "VS1_max": 0.7254958385487528,
    "CE_mean": 31.299136501496598,
    "CE_std": 0.2813567928343814,
    "CP_mean": 1.8083571437641723,
    "CP_std": 0.022347140729966214,
    "CP_kurt": -0.47118981466094906,
    "CP_skew": 0.31797800897648887,
    "SE_mean": 55.288480011428575,
    "SE_std": 23.951313996422872
  },
  "feature_stds": {
    "PS1_mean": 4.69751582213111,
    "PS1_std": 2.066005578815658,
    "PS1_q50": 10.657027240641375,
    "PS1_iqr": 8.724307654062647,
    "PS2_iqr": 12.272178400112876,
    "PS2_max_diff": 6.30654010732281,
    "PS3_mean": 0.2518196999465767,
    "PS3_std": 0.039633903667505896,
    "PS3_kurt": 5.139855692178177,
    "PS3_skew": 1.0408074154644629,
    "PS3_peak": 0.7585186499418904,
    "PS3_max": 0.6061988018510908,
    "PS4_mean": 4.278381852833398,
    "PS4_std": 0.3859670255255742,
    "PS4_kurt": 563.5163549386176,
    "PS4_skew": 8.977071436281994,
    "PS4_max": 4.3480508313435795,
    "PS5_mean": 0.5761616275181429,
    "PS5_std": 0.0014844243017660378,
    "PS6_std": 0.001568549191720272,
    "EPS1_mean": 73.79337250234747,
    "EPS1_q50": 141.01267125384967,
    "EPS1_q75": 107.90432833626701,
    "FS1_std": 0.18871461241779877,
    "FS1_max_diff": 3.1049332147348463,
    "FS2_mean": 0.4490186517318176,
    "FS2_std": 0.003635211818595894,
    "TS1_std": 0.04400136824786488,
    "TS2_std": 0.0471575086459049,
    "TS3_std": 0.020798468903033066,
    "TS4_std": 0.04109220830814034,
    "VS1_mean": 0.0601487764852574,
    "VS1_std": 0.031171514044255867,
    "VS1_kurt": 1.634598271054378,
    "VS1_skew": 0.7511768828725434,
    "VS1_max": 0.15050381648803843,
    "CE_mean": 11.572618711759175,
    "CE_std": 0.11296832459135177,
    "CP_mean": 0.27800903731783566,
    "CP_std": 0.007623999756183965,
    "CP_kurt": 0.6917038078365813,
    "CP_skew": 0.45514496208532296,
    "SE_mean": 8.955587052510317,
    "SE_std": 1.902411503887117
  },
  "zscore": true
}