dataset,method,experiment,MAE_median,MAE_IQR,MAE_mean,MAE_std,MAE_n,R2_median,R2_IQR,R2_mean,R2_std,R2_n,RMSE_median,RMSE_IQR,RMSE_mean,RMSE_std,RMSE_n
NHANES_metabolic_score,lgo,base,0.6250162765,0.045498356999999934,0.6252656903,0.05684601081625393,10,0.6523291410000001,0.08136549100000001,0.6521146451000001,0.052261084226412756,10,0.789054648,0.05143556700000007,0.7810529862,0.06598344356574491,10
NHANES_metabolic_score,lgo,lgo_hard,0.575525037,0.15921081499999995,0.5439622300999999,0.0907364507083246,10,0.7118030980000001,0.13078632675000001,0.7143078441,0.07800097442194545,10,0.716039385,0.16481823475000001,0.7021362142,0.09276147961685176,10
NHANES_metabolic_score,lgo,lgo_soft,0.7268166444999999,0.18008912975000002,0.7650129751,0.12709391842356943,10,0.5120667194999999,0.26944207700000006,0.47339250889999995,0.15051639928231883,10,0.9178688165,0.2217252220000001,0.955484392,0.14836416531618754,10
NHANES_metabolic_score,operon,base,0.4729779945,0.02280093700000002,0.48131405540000005,0.024660725581651683,10,0.798405802,0.019234480000000054,0.7882702311,0.030826852301522597,10,0.5951343915,0.02623090575000009,0.6090990252,0.03752101942630609,10
NHANES_metabolic_score,pstree,base,0.8103687525000001,0.16174068575,0.8192117034,0.09380401317654245,10,0.41813698099999996,0.2075111212500001,0.40997011409999995,0.14662531878085727,10,1.0041715085,0.19048409524999987,1.0116688679999999,0.11872912476227608,10
NHANES_metabolic_score,pysr,base,0.5987972825,0.04821395325,0.5987570095,0.034468899808267235,10,0.6844841740000001,0.026548115999999955,0.6833668092,0.026348910168262456,10,0.7494042025000001,0.0507197895,0.7463450234,0.037754498403011906,10
NHANES_metabolic_score,rils_rols,base,0.405341635,0.02019206750000002,0.3988445333,0.023449158492536017,10,0.8497524780000001,0.01703448775000005,0.8519233683999999,0.012640055089077486,10,0.517802166,0.016166191000000052,0.5117869392222222,0.027903747660852865,9
