dataset,feature,feature_key,median,q1,q3,guideline,rel_error,abs_error,error_cat,has_iqr,unit,coverage,quality_score
ICU_composite_risk_score,lactate_mmol_l,lactate_mmol_l,1.8859746276467664,0.7877361768827276,2.065373377027976,2.0,0.05701268617661681,0.11402537235323362,0,True,,0.0,0.9429873138233832
ICU_composite_risk_score,map_mmhg,map_mmhg,63.71252285114088,63.71252285114088,63.71252285114088,65.0,0.019807340751678736,1.287477148859118,0,True,,0.0,0.9801926592483212
ICU_composite_risk_score,resprate_max,resprate_max,27.0387182438082,27.0387182438082,27.0387182438082,24.0,0.12661326015867505,3.0387182438082014,1,True,,0.0,0.873386739841325
NHANES_metabolic_score,fasting_glucose,fasting_glucose,85.4516487455927,74.5438491246891,95.40038816856858,100.0,0.14548351254407293,14.548351254407294,1,True,,0.0,0.854516487455927
NHANES_metabolic_score,hdl_cholesterol,hdl_cholesterol,39.64779464687063,39.64779464687063,39.64779464687063,40.0,0.008805133828234269,0.35220535312937074,0,True,,0.0,0.9911948661717658
NHANES_metabolic_score,systolic_bp,systolic_bp,128.33512156421313,128.33512156421313,128.89460885993404,130.0,0.012806757198360576,1.6648784357868749,0,True,,0.0,0.9871932428016394
NHANES_metabolic_score,waist_circumference,waist_circumference,93.93722003750923,91.67312106312984,98.01829067298142,94.0,0.0006678719413911195,0.06277996249076523,0,True,,0.0,0.9993321280586088
