dataset,method,experiment,MAE_median,MAE_IQR,MAE_mean,MAE_std,MAE_n,R2_median,R2_IQR,R2_mean,R2_std,R2_n,RMSE_median,RMSE_IQR,RMSE_mean,RMSE_std,RMSE_n
UCI_HydraulicSys_fault_score,lgo,base,0.08562646944604925,0.044881591998346945,0.09028550463011552,0.024707044570726398,10,0.5990237670629703,0.3746185955779251,0.5410938471609679,0.21762166981866604,10,0.10937126260452734,0.04657073444884183,0.113062523936175,0.02737184953417034,10
UCI_HydraulicSys_fault_score,lgo,lgo_hard,0.0840085443561957,0.01445103167592661,0.08348637831711636,0.01623416545412918,10,0.5778368191502382,0.14873846316996375,0.6020835716971202,0.13010722389315324,10,0.10877159003304679,0.0207198555344075,0.10662348486847148,0.01910491828886473,10
UCI_HydraulicSys_fault_score,lgo,lgo_soft,0.11454639892725821,0.05068106360808611,0.11184523684065699,0.033309854925280255,10,0.33149800238974503,0.535081601906822,0.27666256871623907,0.4582093321905274,10,0.1395881251849636,0.05696254439382138,0.1399493099140609,0.043818686624739575,10
UCI_HydraulicSys_fault_score,operon,base,0.0443152828981693,0.010523358586230422,0.1150843390313753,0.15265528892650626,10,0.8753061630803661,0.0768873431573952,-0.3970907772383704,2.6908142783614104,10,0.061415644825919546,0.01853507574259841,0.13521337155691676,0.16070921116927314,10
UCI_HydraulicSys_fault_score,pstree,base,0.0931433817414231,0.018543642893160336,0.0941352115085403,0.01930552217555591,10,0.5191761170875109,0.09575894920158456,0.48664630936880443,0.18246521279936917,10,0.1185384502940673,0.01577027484213983,0.12126877898421969,0.021598829056914088,10
UCI_HydraulicSys_fault_score,pysr,base,0.04495930900539135,0.008938999504987923,0.04845547268955654,0.007820203597632054,10,0.8602993688540258,0.03563565958565096,0.8535586970957029,0.04247917123206528,10,0.0639778284162748,0.007793890101481495,0.06503332217591327,0.009445891699846757,10
UCI_HydraulicSys_fault_score,rils_rols,base,0.0252941648778225,0.002513596543558403,0.02534833789816484,0.0013360347745682937,10,0.9571167574206868,0.011661527912910419,0.9535011091106474,0.013056688318436403,10,0.03557598129536965,0.006001180373467502,0.03669655330653182,0.0050564142352566895,10
