{
  "feature_means": {
    "LB": 133.30338664158043,
    "ASTV": 46.990592662276576,
    "MSTV": 1.332173095014111,
    "ALTV": 9.846660395108184,
    "MLTV": 8.181814440263409,
    "DL": 1.5687911571025412,
    "DS": 0.003292568203198495,
    "DP": 0.12558795860771402,
    "AC": 2.718250235183443,
    "FM": 7.174035747883349,
    "UC": 3.6559854186265297,
    "Width": 70.44590780809031,
    "MinHist": 93.57696378174977,
    "MaxHist": 164.0263405456256,
    "Nmax": 4.0670860771401705,
    "Nzeros": 0.32137817497648297,
    "ModeHist": 137.45155221072437,
    "MeanHist": 134.60941909689558,
    "MedianHist": 138.0871354656632,
    "VarHist": 18.79603715898401,
    "Tendency": 0.32031984948259645,
    "NSP": 1.304327375352775
  },
  "feature_stds": {
    "LB": 9.837277088483736,
    "ASTV": 17.185800706771072,
    "MSTV": 0.8793596833119774,
    "ALTV": 18.392552524776768,
    "MLTV": 5.588981519556075,
    "DL": 2.491837737891864,
    "DS": 0.05728636135962715,
    "DP": 0.4608205772812079,
    "AC": 3.5370789519278034,
    "FM": 36.16637112257158,
    "UC": 2.825136066832629,
    "Width": 38.93812347475955,
    "MinHist": 29.54781572707071,
    "MaxHist": 17.937784777741385,
    "Nmax": 2.943852015027572,
    "Nzeros": 0.6810517922444354,
    "ModeHist": 16.37602746631403,
    "MeanHist": 15.571747439653585,
    "MedianHist": 14.443308021093554,
    "VarHist": 28.871419163909007,
    "Tendency": 0.6106849563781178,
    "NSP": 0.6142323403207726
  },
  "zscore": true
}